{"cameraMode":{"drawMode":0,"name":"Shaded","section":"Shading Mode"},"sceneLighting":true,"audioPlay":false,"sceneViewState":{"m_AlwaysRefresh":false,"showFog":true,"showSkybox":true,"showFlares":true,"showImageEffects":true,"showParticleSystems":true,"showVisualEffectGraphs":true,"m_FxEnabled":true},"in2DMode":false,"pivot":{"x":1.1743297576904297,"y":2.4521665573120119,"z":-2.461606025695801},"rotation":{"x":-0.057866573333740237,"y":0.9291386604309082,"z":-0.16505567729473115,"w":-0.3257458209991455},"size":14.740942001342774,"orthographic":false}